description,image_urls,price,title,url
Not Found,,Not Found,Not Found,https://investorlift.com/marketplace/deal/281548
Not Found,,Not Found,Not Found,https://investorlift.com/marketplace/deal/281509
Not Found,,Not Found,Not Found,https://investorlift.com/marketplace/deal/281518
Not Found,,Not Found,Not Found,https://investorlift.com/marketplace/deal/281522
Not Found,,Not Found,Not Found,https://investorlift.com/marketplace/deal/281536
Not Found,,Not Found,Not Found,https://investorlift.com/marketplace/deal/281514
Not Found,,Not Found,Not Found,https://investorlift.com/marketplace/deal/281515
Not Found,,Not Found,Not Found,https://investorlift.com/marketplace/deal/281543
Not Found,,Not Found,Not Found,https://investorlift.com/marketplace/deal/281524
Not Found,,Not Found,Not Found,https://investorlift.com/marketplace/deal/281525
Not Found,,Not Found,Not Found,https://investorlift.com/marketplace/deal/281426
